,Column 1,Column 2,Column 3,Column 4,Column 5
Column 1,1,,,,
Column 2,0.287303623,1,,,
Column 3,-0.858116188,-0.242408696,1,,
Column 4,-0.878036528,-0.310780342,0.726474699,1,
Column 5,0.951235092,0.292769822,-0.815990919,-0.895212732,1
